fold,group,rank,hidden_state_index,head_index,impact_score,recovery_ratio,aligned_mean,donor_energy_mean,o_proj_head_block_norm
0,top16,1,24,10,41.43503952026367,0.7745003700256348,11.77683162689209,15.20571517944336,13.719639778137207
0,top16,2,24,17,32.16674041748047,0.6667333841323853,7.3597869873046875,11.038576126098633,14.5210599899292
0,top16,3,28,13,26.503040313720703,0.7470223903656006,7.492650508880615,10.030021667480469,11.202401161193848
0,top16,4,28,10,26.158994674682617,0.7442326545715332,7.40001106262207,9.94314193725586,11.146807670593262
0,top16,5,28,12,24.34187126159668,0.7340096235275269,6.861155033111572,9.34749984741211,10.846871376037598
0,top16,6,27,22,20.415870666503906,0.8843980431556702,2.034184455871582,2.3000779151916504,15.221199989318848
0,top16,7,24,20,18.622589111328125,0.9332369565963745,1.3714700937271118,1.4695839881896973,16.460800170898438
0,top16,8,25,18,18.20395278930664,0.8786044120788574,1.584409475326538,1.8033251762390137,15.428912162780762
0,top16,9,28,11,18.167232513427734,0.6432129740715027,4.307134628295898,6.6962809562683105,10.914834022521973
0,top16,10,26,24,17.915634155273438,0.8019456267356873,1.8498026132583618,2.306643486022949,14.70946979522705
0,top16,11,25,24,17.729389190673828,0.8437848091125488,1.2077429294586182,1.431339979171753,17.56267547607422
0,top16,12,27,15,16.78791618347168,0.6527253985404968,1.752068042755127,2.684234619140625,15.698424339294434
0,top16,13,23,24,16.710411071777344,0.719867467880249,2.6025097370147705,3.615262269973755,12.208566665649414
0,top16,14,25,21,15.709356307983398,0.6717743873596191,1.9305280447006226,2.873774290084839,13.794584274291992
0,top16,15,23,27,15.407838821411133,0.791505753993988,2.089108467102051,2.6394102573394775,11.982134819030762
0,top16,16,27,18,15.153721809387207,0.600078284740448,1.716443657875061,2.8603663444519043,14.931401252746582
0,top4,1,24,10,41.43503952026367,0.7745003700256348,11.77683162689209,15.20571517944336,13.719639778137207
0,top4,2,24,17,32.16674041748047,0.6667333841323853,7.3597869873046875,11.038576126098633,14.5210599899292
0,top4,3,28,13,26.503040313720703,0.7470223903656006,7.492650508880615,10.030021667480469,11.202401161193848
0,top4,4,28,10,26.158994674682617,0.7442326545715332,7.40001106262207,9.94314193725586,11.146807670593262
0,top32,1,24,10,41.43503952026367,0.7745003700256348,11.77683162689209,15.20571517944336,13.719639778137207
0,top32,2,24,17,32.16674041748047,0.6667333841323853,7.3597869873046875,11.038576126098633,14.5210599899292
0,top32,3,28,13,26.503040313720703,0.7470223903656006,7.492650508880615,10.030021667480469,11.202401161193848
0,top32,4,28,10,26.158994674682617,0.7442326545715332,7.40001106262207,9.94314193725586,11.146807670593262
0,top32,5,28,12,24.34187126159668,0.7340096235275269,6.861155033111572,9.34749984741211,10.846871376037598
0,top32,6,27,22,20.415870666503906,0.8843980431556702,2.034184455871582,2.3000779151916504,15.221199989318848
0,top32,7,24,20,18.622589111328125,0.9332369565963745,1.3714700937271118,1.4695839881896973,16.460800170898438
0,top32,8,25,18,18.20395278930664,0.8786044120788574,1.584409475326538,1.8033251762390137,15.428912162780762
0,top32,9,28,11,18.167232513427734,0.6432129740715027,4.307134628295898,6.6962809562683105,10.914834022521973
0,top32,10,26,24,17.915634155273438,0.8019456267356873,1.8498026132583618,2.306643486022949,14.70946979522705
0,top32,11,25,24,17.729389190673828,0.8437848091125488,1.2077429294586182,1.431339979171753,17.56267547607422
0,top32,12,27,15,16.78791618347168,0.6527253985404968,1.752068042755127,2.684234619140625,15.698424339294434
0,top32,13,23,24,16.710411071777344,0.719867467880249,2.6025097370147705,3.615262269973755,12.208566665649414
0,top32,14,25,21,15.709356307983398,0.6717743873596191,1.9305280447006226,2.873774290084839,13.794584274291992
0,top32,15,23,27,15.407838821411133,0.791505753993988,2.089108467102051,2.6394102573394775,11.982134819030762
0,top32,16,27,18,15.153721809387207,0.600078284740448,1.716443657875061,2.8603663444519043,14.931401252746582
0,top32,17,24,15,15.026453971862793,0.8410862684249878,1.351982593536377,1.6074243783950806,14.091287612915039
0,top32,18,23,22,15.0081205368042,0.9600893259048462,1.2504827976226807,1.3024650812149048,13.69719409942627
0,top32,19,21,2,14.422142028808594,0.9918454885482788,1.0100696086883545,1.018373966217041,14.408943176269531
0,top32,20,23,7,14.331353187561035,0.7864887714385986,1.6897077560424805,2.1484193801879883,12.431832313537598
0,top32,21,28,7,14.265398979187012,0.6352569460868835,2.4896557331085205,3.9191317558288574,11.343303680419922
0,top32,22,27,26,13.950114250183105,0.6211414337158203,1.0169123411178589,1.6371670961380005,17.552570343017578
0,top32,23,26,4,13.69533920288086,0.8914974927902222,0.9407249093055725,1.0552188158035278,14.954826354980469
0,top32,24,25,0,13.685911178588867,0.8759193420410156,1.1823687553405762,1.3498603105545044,13.448232650756836
0,top32,25,22,23,13.446534156799316,0.8610372543334961,0.7790823578834534,0.9048184156417847,16.417526245117188
0,top32,26,26,20,13.308260917663574,0.8493859767913818,0.773649275302887,0.9108335971832275,16.417110443115234
0,top32,27,27,25,13.186198234558105,0.7660086154937744,0.8405908942222595,1.0973647832870483,16.432758331298828
0,top32,28,23,23,12.971208572387695,0.8859502673149109,0.7609951496124268,0.8589591979980469,15.797371864318848
0,top32,29,26,12,12.834778785705566,0.7372695803642273,0.9906060099601746,1.3436143398284912,15.018438339233398
0,top32,30,27,19,12.610025405883789,0.7872579097747803,0.9533298015594482,1.2109497785568237,14.555791854858398
0,top32,31,28,20,12.378652572631836,0.7084932327270508,0.975060224533081,1.3762449026107788,14.893260955810547
0,top32,32,27,6,12.023164749145508,0.5499098300933838,1.0137375593185425,1.8434613943099976,16.103130340576172
0,top64,1,24,10,41.43503952026367,0.7745003700256348,11.77683162689209,15.20571517944336,13.719639778137207
0,top64,2,24,17,32.16674041748047,0.6667333841323853,7.3597869873046875,11.038576126098633,14.5210599899292
0,top64,3,28,13,26.503040313720703,0.7470223903656006,7.492650508880615,10.030021667480469,11.202401161193848
0,top64,4,28,10,26.158994674682617,0.7442326545715332,7.40001106262207,9.94314193725586,11.146807670593262
0,top64,5,28,12,24.34187126159668,0.7340096235275269,6.861155033111572,9.34749984741211,10.846871376037598
0,top64,6,27,22,20.415870666503906,0.8843980431556702,2.034184455871582,2.3000779151916504,15.221199989318848
0,top64,7,24,20,18.622589111328125,0.9332369565963745,1.3714700937271118,1.4695839881896973,16.460800170898438
0,top64,8,25,18,18.20395278930664,0.8786044120788574,1.584409475326538,1.8033251762390137,15.428912162780762
0,top64,9,28,11,18.167232513427734,0.6432129740715027,4.307134628295898,6.6962809562683105,10.914834022521973
0,top64,10,26,24,17.915634155273438,0.8019456267356873,1.8498026132583618,2.306643486022949,14.70946979522705
0,top64,11,25,24,17.729389190673828,0.8437848091125488,1.2077429294586182,1.431339979171753,17.56267547607422
0,top64,12,27,15,16.78791618347168,0.6527253985404968,1.752068042755127,2.684234619140625,15.698424339294434
0,top64,13,23,24,16.710411071777344,0.719867467880249,2.6025097370147705,3.615262269973755,12.208566665649414
0,top64,14,25,21,15.709356307983398,0.6717743873596191,1.9305280447006226,2.873774290084839,13.794584274291992
0,top64,15,23,27,15.407838821411133,0.791505753993988,2.089108467102051,2.6394102573394775,11.982134819030762
0,top64,16,27,18,15.153721809387207,0.600078284740448,1.716443657875061,2.8603663444519043,14.931401252746582
0,top64,17,24,15,15.026453971862793,0.8410862684249878,1.351982593536377,1.6074243783950806,14.091287612915039
0,top64,18,23,22,15.0081205368042,0.9600893259048462,1.2504827976226807,1.3024650812149048,13.69719409942627
0,top64,19,21,2,14.422142028808594,0.9918454885482788,1.0100696086883545,1.018373966217041,14.408943176269531
0,top64,20,23,7,14.331353187561035,0.7864887714385986,1.6897077560424805,2.1484193801879883,12.431832313537598
0,top64,21,28,7,14.265398979187012,0.6352569460868835,2.4896557331085205,3.9191317558288574,11.343303680419922
0,top64,22,27,26,13.950114250183105,0.6211414337158203,1.0169123411178589,1.6371670961380005,17.552570343017578
0,top64,23,26,4,13.69533920288086,0.8914974927902222,0.9407249093055725,1.0552188158035278,14.954826354980469
0,top64,24,25,0,13.685911178588867,0.8759193420410156,1.1823687553405762,1.3498603105545044,13.448232650756836
0,top64,25,22,23,13.446534156799316,0.8610372543334961,0.7790823578834534,0.9048184156417847,16.417526245117188
0,top64,26,26,20,13.308260917663574,0.8493859767913818,0.773649275302887,0.9108335971832275,16.417110443115234
0,top64,27,27,25,13.186198234558105,0.7660086154937744,0.8405908942222595,1.0973647832870483,16.432758331298828
0,top64,28,23,23,12.971208572387695,0.8859502673149109,0.7609951496124268,0.8589591979980469,15.797371864318848
0,top64,29,26,12,12.834778785705566,0.7372695803642273,0.9906060099601746,1.3436143398284912,15.018438339233398
0,top64,30,27,19,12.610025405883789,0.7872579097747803,0.9533298015594482,1.2109497785568237,14.555791854858398
0,top64,31,28,20,12.378652572631836,0.7084932327270508,0.975060224533081,1.3762449026107788,14.893260955810547
0,top64,32,27,6,12.023164749145508,0.5499098300933838,1.0137375593185425,1.8434613943099976,16.103130340576172
0,top64,33,22,15,11.991188049316406,0.6086278557777405,1.499603271484375,2.4639084339141846,12.5515718460083
0,top64,34,27,3,11.904441833496094,0.8761944770812988,0.6574609875679016,0.7503596544265747,15.684611320495605
0,top64,35,23,12,11.656566619873047,0.7366736531257629,1.1016358137130737,1.4954190254211426,12.939398765563965
0,top64,36,28,18,11.577251434326172,0.41780391335487366,1.4144216775894165,3.3853719234466553,15.060165405273438
0,top64,37,25,16,11.509202003479004,0.6960518956184387,0.9095075130462646,1.3066662549972534,14.465093612670898
0,top64,38,27,5,11.408853530883789,0.775925874710083,0.6258288025856018,0.8065574765205383,16.372089385986328
0,top64,39,27,27,11.243712425231934,0.8520492315292358,0.7661865949630737,0.8992280960083008,13.915862083435059
0,top64,40,25,27,11.07382583618164,0.7182222604751587,0.971623420715332,1.352817177772522,13.256206512451172
0,top64,41,24,8,11.06605339050293,0.8241009712219238,0.5092734098434448,0.6179745197296143,17.081541061401367
0,top64,42,21,17,11.02576732635498,0.8452776670455933,0.8606688976287842,1.0182085037231445,12.926801681518555
0,top64,43,25,19,10.883441925048828,0.5821322798728943,1.0620551109313965,1.8244223594665527,13.841459274291992
0,top64,44,27,14,10.452174186706543,0.7006336450576782,0.6217700242996216,0.8874395489692688,15.836028099060059
0,top64,45,27,24,10.414225578308105,0.4714113771915436,0.7127872705459595,1.5120280981063843,17.965818405151367
0,top64,46,22,5,10.360645294189453,0.7788907885551453,0.8943617343902588,1.1482504606246948,12.413434028625488
0,top64,47,25,23,10.351080894470215,0.9036580920219421,0.6884852647781372,0.7618868947029114,13.123096466064453
0,top64,48,27,16,10.288280487060547,0.7742794156074524,0.5204978585243225,0.6722351908683777,16.206321716308594
0,top64,49,24,18,10.24254035949707,0.9017807841300964,0.6175475120544434,0.6848089098930359,13.725305557250977
0,top64,50,21,21,10.134511947631836,0.7944177985191345,0.77171391248703,0.9714207053184509,12.943453788757324
0,top64,51,28,2,10.124550819396973,0.5667766332626343,0.5527893304824829,0.975321352481842,18.087976455688477
0,top64,52,21,5,9.90467643737793,0.8015081286430359,0.840955913066864,1.0492169857025146,12.06423282623291
0,top64,53,24,11,9.893860816955566,0.5626312494277954,1.3533324003219604,2.405363082885742,11.338396072387695
0,top64,54,26,25,9.685901641845703,0.7047675848007202,0.8903887867927551,1.2633793354034424,12.22720718383789
0,top64,55,22,24,9.638387680053711,0.7445406913757324,0.652378261089325,0.8762156963348389,13.829626083374023
0,top64,56,23,25,9.585925102233887,0.6412431597709656,0.6391782164573669,0.99677973985672,14.973097801208496
0,top64,57,24,14,9.58244800567627,0.8297061324119568,0.7276394367218018,0.8769845366477966,12.33264446258545
0,top64,58,28,15,9.55612564086914,0.6125458478927612,0.5649752020835876,0.9223394393920898,16.244182586669922
0,top64,59,25,2,9.499641418457031,0.9058528542518616,0.5133811831474304,0.566737949848175,13.9302339553833
0,top64,60,27,17,9.430706977844238,0.7885645627975464,0.42086708545684814,0.5337129235267639,16.370166778564453
0,top64,61,26,27,9.429160118103027,0.7742566466331482,0.47360721230506897,0.6116927862167358,15.571175575256348
0,top64,62,26,18,9.333366394042969,0.7520605325698853,0.5501068830490112,0.7314662337303162,14.510700225830078
0,top64,63,22,18,9.202764511108398,0.7587897181510925,0.7064516544342041,0.9310242533683777,12.569453239440918
0,top64,64,25,20,9.161625862121582,0.9241356253623962,0.4922224283218384,0.5326300859451294,13.583885192871094
1,top16,1,24,10,41.08634567260742,0.767370343208313,11.687042236328125,15.229989051818848,13.719639778137207
1,top16,2,24,17,31.575180053710938,0.6581109166145325,7.184488773345947,10.91683578491211,14.5210599899292
1,top16,3,28,13,26.221904754638672,0.7379764914512634,7.424440860748291,10.060538291931152,11.202401161193848
1,top16,4,28,10,26.081192016601562,0.7377919554710388,7.4202752113342285,10.057408332824707,11.146807670593262
1,top16,5,28,12,24.212488174438477,0.7271692752838135,6.852267742156982,9.423208236694336,10.846871376037598
1,top16,6,27,22,19.976749420166016,0.8744310140609741,1.9698187112808228,2.2526862621307373,15.221199989318848
1,top16,7,28,11,18.365386962890625,0.6435062289237976,4.399599075317383,6.836917877197266,10.914834022521973
1,top16,8,24,20,17.631620407104492,0.9231694340705872,1.2427997589111328,1.346231460571289,16.460800170898438
1,top16,9,25,18,17.5690860748291,0.872665524482727,1.485866904258728,1.7026762962341309,15.428912162780762
1,top16,10,27,15,17.0745792388916,0.6487089991569519,1.8236353397369385,2.811176300048828,15.698424339294434
1,top16,11,23,24,16.14179039001465,0.7090477347373962,2.465463399887085,3.477147340774536,12.208566665649414
1,top16,12,27,18,16.024044036865234,0.6069409251213074,1.8975650072097778,3.12644100189209,14.931401252746582
1,top16,13,26,24,16.0137996673584,0.7700129151344299,1.53920578956604,1.9989351034164429,14.70946979522705
1,top16,14,25,24,15.910661697387695,0.8150812387466431,1.00691819190979,1.2353593111038208,17.56267547607422
1,top16,15,25,21,15.82292652130127,0.6589915752410889,1.9965332746505737,3.029679536819458,13.794584274291992
1,top16,16,24,15,14.574316024780273,0.8225935101509094,1.3004382848739624,1.5809001922607422,14.091287612915039
1,top4,1,24,10,41.08634567260742,0.767370343208313,11.687042236328125,15.229989051818848,13.719639778137207
1,top4,2,24,17,31.575180053710938,0.6581109166145325,7.184488773345947,10.91683578491211,14.5210599899292
1,top4,3,28,13,26.221904754638672,0.7379764914512634,7.424440860748291,10.060538291931152,11.202401161193848
1,top4,4,28,10,26.081192016601562,0.7377919554710388,7.4202752113342285,10.057408332824707,11.146807670593262
1,top32,1,24,10,41.08634567260742,0.767370343208313,11.687042236328125,15.229989051818848,13.719639778137207
1,top32,2,24,17,31.575180053710938,0.6581109166145325,7.184488773345947,10.91683578491211,14.5210599899292
1,top32,3,28,13,26.221904754638672,0.7379764914512634,7.424440860748291,10.060538291931152,11.202401161193848
1,top32,4,28,10,26.081192016601562,0.7377919554710388,7.4202752113342285,10.057408332824707,11.146807670593262
1,top32,5,28,12,24.212488174438477,0.7271692752838135,6.852267742156982,9.423208236694336,10.846871376037598
1,top32,6,27,22,19.976749420166016,0.8744310140609741,1.9698187112808228,2.2526862621307373,15.221199989318848
1,top32,7,28,11,18.365386962890625,0.6435062289237976,4.399599075317383,6.836917877197266,10.914834022521973
1,top32,8,24,20,17.631620407104492,0.9231694340705872,1.2427997589111328,1.346231460571289,16.460800170898438
1,top32,9,25,18,17.5690860748291,0.872665524482727,1.485866904258728,1.7026762962341309,15.428912162780762
1,top32,10,27,15,17.0745792388916,0.6487089991569519,1.8236353397369385,2.811176300048828,15.698424339294434
1,top32,11,23,24,16.14179039001465,0.7090477347373962,2.465463399887085,3.477147340774536,12.208566665649414
1,top32,12,27,18,16.024044036865234,0.6069409251213074,1.8975650072097778,3.12644100189209,14.931401252746582
1,top32,13,26,24,16.0137996673584,0.7700129151344299,1.53920578956604,1.9989351034164429,14.70946979522705
1,top32,14,25,24,15.910661697387695,0.8150812387466431,1.00691819190979,1.2353593111038208,17.56267547607422
1,top32,15,25,21,15.82292652130127,0.6589915752410889,1.9965332746505737,3.029679536819458,13.794584274291992
1,top32,16,24,15,14.574316024780273,0.8225935101509094,1.3004382848739624,1.5809001922607422,14.091287612915039
1,top32,17,23,27,14.514406204223633,0.7723856568336487,1.899747610092163,2.4595842361450195,11.982134819030762
1,top32,18,21,2,14.447590827941895,0.9921003580093384,1.013377070426941,1.0214461088180542,14.408943176269531
1,top32,19,23,22,14.387036323547363,0.9550474882125854,1.1551928520202637,1.2095658779144287,13.69719409942627
1,top32,20,27,26,14.136733055114746,0.6245416402816772,1.03861665725708,1.6630061864852905,17.552570343017578
1,top32,21,28,7,13.991621971130371,0.6253073811531067,2.433119297027588,3.8910772800445557,11.343303680419922
1,top32,22,23,7,13.904903411865234,0.765998363494873,1.633194088935852,2.1321117877960205,12.431832313537598
1,top32,23,26,4,13.512886047363281,0.8879814743995667,0.9194530844688416,1.0354417562484741,14.954826354980469
1,top32,24,22,23,13.425457000732422,0.8599951863288879,0.7775828838348389,0.9041712284088135,16.417526245117188
1,top32,25,27,25,13.283441543579102,0.7629472017288208,0.8564574122428894,1.122564435005188,16.432758331298828
1,top32,26,25,0,13.242145538330078,0.8714580535888672,1.1126017570495605,1.2767128944396973,13.448232650756836
1,top32,27,26,20,13.194440841674805,0.845196008682251,0.7642423510551453,0.9042190909385681,16.417110443115234
1,top32,28,23,23,12.665249824523926,0.8792303204536438,0.7310636639595032,0.831481397151947,15.797371864318848
1,top32,29,26,12,12.529745101928711,0.7235364317893982,0.9619988203048706,1.3295789957046509,15.018438339233398
1,top32,30,28,20,12.517254829406738,0.7140639424324036,0.9892395734786987,1.3853654861450195,14.893260955810547
1,top32,31,22,15,11.962993621826172,0.6079927682876587,1.4941184520721436,2.457460880279541,12.5515718460083
1,top32,32,28,18,11.780786514282227,0.42079004645347595,1.4541982412338257,3.455876111984253,15.060165405273438
1,top64,1,24,10,41.08634567260742,0.767370343208313,11.687042236328125,15.229989051818848,13.719639778137207
1,top64,2,24,17,31.575180053710938,0.6581109166145325,7.184488773345947,10.91683578491211,14.5210599899292
1,top64,3,28,13,26.221904754638672,0.7379764914512634,7.424440860748291,10.060538291931152,11.202401161193848
1,top64,4,28,10,26.081192016601562,0.7377919554710388,7.4202752113342285,10.057408332824707,11.146807670593262
1,top64,5,28,12,24.212488174438477,0.7271692752838135,6.852267742156982,9.423208236694336,10.846871376037598
1,top64,6,27,22,19.976749420166016,0.8744310140609741,1.9698187112808228,2.2526862621307373,15.221199989318848
1,top64,7,28,11,18.365386962890625,0.6435062289237976,4.399599075317383,6.836917877197266,10.914834022521973
1,top64,8,24,20,17.631620407104492,0.9231694340705872,1.2427997589111328,1.346231460571289,16.460800170898438
1,top64,9,25,18,17.5690860748291,0.872665524482727,1.485866904258728,1.7026762962341309,15.428912162780762
1,top64,10,27,15,17.0745792388916,0.6487089991569519,1.8236353397369385,2.811176300048828,15.698424339294434
1,top64,11,23,24,16.14179039001465,0.7090477347373962,2.465463399887085,3.477147340774536,12.208566665649414
1,top64,12,27,18,16.024044036865234,0.6069409251213074,1.8975650072097778,3.12644100189209,14.931401252746582
1,top64,13,26,24,16.0137996673584,0.7700129151344299,1.53920578956604,1.9989351034164429,14.70946979522705
1,top64,14,25,24,15.910661697387695,0.8150812387466431,1.00691819190979,1.2353593111038208,17.56267547607422
1,top64,15,25,21,15.82292652130127,0.6589915752410889,1.9965332746505737,3.029679536819458,13.794584274291992
1,top64,16,24,15,14.574316024780273,0.8225935101509094,1.3004382848739624,1.5809001922607422,14.091287612915039
1,top64,17,23,27,14.514406204223633,0.7723856568336487,1.899747610092163,2.4595842361450195,11.982134819030762
1,top64,18,21,2,14.447590827941895,0.9921003580093384,1.013377070426941,1.0214461088180542,14.408943176269531
1,top64,19,23,22,14.387036323547363,0.9550474882125854,1.1551928520202637,1.2095658779144287,13.69719409942627
1,top64,20,27,26,14.136733055114746,0.6245416402816772,1.03861665725708,1.6630061864852905,17.552570343017578
1,top64,21,28,7,13.991621971130371,0.6253073811531067,2.433119297027588,3.8910772800445557,11.343303680419922
1,top64,22,23,7,13.904903411865234,0.765998363494873,1.633194088935852,2.1321117877960205,12.431832313537598
1,top64,23,26,4,13.512886047363281,0.8879814743995667,0.9194530844688416,1.0354417562484741,14.954826354980469
1,top64,24,22,23,13.425457000732422,0.8599951863288879,0.7775828838348389,0.9041712284088135,16.417526245117188
1,top64,25,27,25,13.283441543579102,0.7629472017288208,0.8564574122428894,1.122564435005188,16.432758331298828
1,top64,26,25,0,13.242145538330078,0.8714580535888672,1.1126017570495605,1.2767128944396973,13.448232650756836
1,top64,27,26,20,13.194440841674805,0.845196008682251,0.7642423510551453,0.9042190909385681,16.417110443115234
1,top64,28,23,23,12.665249824523926,0.8792303204536438,0.7310636639595032,0.831481397151947,15.797371864318848
1,top64,29,26,12,12.529745101928711,0.7235364317893982,0.9619988203048706,1.3295789957046509,15.018438339233398
1,top64,30,28,20,12.517254829406738,0.7140639424324036,0.9892395734786987,1.3853654861450195,14.893260955810547
1,top64,31,22,15,11.962993621826172,0.6079927682876587,1.4941184520721436,2.457460880279541,12.5515718460083
1,top64,32,28,18,11.780786514282227,0.42079004645347595,1.4541982412338257,3.455876111984253,15.060165405273438
1,top64,33,27,3,11.733686447143555,0.8761211633682251,0.6387887001037598,0.7291100025177002,15.684611320495605
1,top64,34,27,6,11.589238166809082,0.5279485583305359,0.9810645580291748,1.8582578897476196,16.103130340576172
1,top64,35,27,27,11.37177848815918,0.8497015833854675,0.785905122756958,0.9249190092086792,13.915862083435059
1,top64,36,25,16,11.326342582702637,0.6949241161346436,0.8822659254074097,1.2695859670639038,14.465093612670898
1,top64,37,23,12,11.133344650268555,0.7146473526954651,1.035932183265686,1.449571132659912,12.939398765563965
1,top64,38,27,19,11.086827278137207,0.7528054118156433,0.7706552743911743,1.023711085319519,14.555791854858398
1,top64,39,24,8,10.947651863098145,0.8208466172218323,0.5004098415374756,0.6096264719963074,17.081541061401367
1,top64,40,25,27,10.845636367797852,0.6898621320724487,0.9703071117401123,1.4065232276916504,13.256206512451172
1,top64,41,25,19,10.729875564575195,0.5803765058517456,1.035418152809143,1.7840455770492554,13.841459274291992
1,top64,42,27,24,10.570408821105957,0.47630730271339417,0.7267789244651794,1.525861382484436,17.965818405151367
1,top64,43,21,17,10.478728294372559,0.8264904022216797,0.795055091381073,0.9619653224945068,12.926801681518555
1,top64,44,24,18,10.415031433105469,0.9036347270011902,0.6372124552726746,0.7051659822463989,13.725305557250977
1,top64,45,27,14,10.356532096862793,0.690140962600708,0.6197240352630615,0.8979673385620117,15.836028099060059
1,top64,46,27,5,10.284743309020996,0.7448964715003967,0.5297644138336182,0.7111920118331909,16.372089385986328
1,top64,47,25,23,10.22288703918457,0.8856096267700195,0.6852233409881592,0.7737306952476501,13.123096466064453
1,top64,48,22,5,9.93648910522461,0.7500303387641907,0.8542859554290771,1.1390018463134766,12.413434028625488
1,top64,49,21,5,9.864716529846191,0.8070321083068848,0.8284741640090942,1.0265690088272095,12.06423282623291
1,top64,50,27,16,9.836358070373535,0.7695043087005615,0.4787278175354004,0.6221249103546143,16.206321716308594
1,top64,51,24,11,9.781997680664062,0.5397114753723145,1.379082441329956,2.5552215576171875,11.338396072387695
1,top64,52,28,2,9.613260269165039,0.5450446009635925,0.5182380676269531,0.9508177638053894,18.087976455688477
1,top64,53,21,21,9.570039749145508,0.7734683156013489,0.7067805528640747,0.9137808680534363,12.943453788757324
1,top64,54,26,25,9.51611614227295,0.6764662265777588,0.8954035639762878,1.3236485719680786,12.22720718383789
1,top64,55,23,25,9.464031219482422,0.6285931468009949,0.6355640292167664,1.0110896825790405,14.973097801208496
1,top64,56,28,15,9.325382232666016,0.5985122323036194,0.550635814666748,0.920007586479187,16.244182586669922
1,top64,57,25,2,9.225302696228027,0.9004854559898376,0.48704349994659424,0.5408676862716675,13.9302339553833
1,top64,58,27,17,9.165553092956543,0.7784026861190796,0.4027233421802521,0.5173714756965637,16.370166778564453
1,top64,59,26,18,9.142683982849121,0.7443187236785889,0.5333492755889893,0.7165603637695312,14.510700225830078
1,top64,60,22,18,9.137375831604004,0.758752703666687,0.6964821219444275,0.9179303050041199,12.569453239440918
1,top64,61,22,24,9.132256507873535,0.7186708450317383,0.6067436337471008,0.8442580103874207,13.829626083374023
1,top64,62,25,20,9.087873458862305,0.9206854104995728,0.4861443340778351,0.5280243754386902,13.583885192871094
1,top64,63,24,16,9.016342163085938,0.7693645358085632,0.5651206970214844,0.7345291972160339,13.673941612243652
1,top64,64,24,25,8.911441802978516,0.8999406695365906,0.4088771939277649,0.4543379545211792,14.69076919555664
2,top16,1,24,10,40.34001541137695,0.7653061151504517,11.296696662902832,14.761016845703125,13.719639778137207
2,top16,2,24,17,31.135854721069336,0.6578187942504883,6.989057540893555,10.624593734741211,14.5210599899292
2,top16,3,28,13,26.19632339477539,0.7425755858421326,7.364068031311035,9.916927337646484,11.202401161193848
2,top16,4,28,10,25.841602325439453,0.7395424246788025,7.267328262329102,9.826789855957031,11.146807670593262
2,top16,5,28,12,24.12165641784668,0.7295829653739929,6.778452396392822,9.29085922241211,10.846871376037598
2,top16,6,27,22,20.58538246154785,0.8858776688575745,2.0646493434906006,2.3306257724761963,15.221199989318848
2,top16,7,24,20,18.78372573852539,0.9335494637489319,1.3948396444320679,1.4941250085830688,16.460800170898438
2,top16,8,28,11,18.352771759033203,0.6593032479286194,4.2882866859436035,6.504270553588867,10.914834022521973
2,top16,9,25,18,18.144210815429688,0.8821517825126648,1.5676974058151245,1.7771289348602295,15.428912162780762
2,top16,10,25,24,17.377578735351562,0.8403506278991699,1.1650288105010986,1.3863604068756104,17.56267547607422
2,top16,11,27,15,17.316848754882812,0.6592771410942078,1.8456851243972778,2.7995588779449463,15.698424339294434
2,top16,12,26,24,16.685522079467773,0.7832335829734802,1.642836093902588,2.0975046157836914,14.70946979522705
2,top16,13,23,24,16.441524505615234,0.7148549556732178,2.537095546722412,3.549105405807495,12.208566665649414
2,top16,14,27,18,16.25641441345215,0.6122221946716309,1.9361510276794434,3.1624972820281982,14.931401252746582
2,top16,15,25,21,16.127553939819336,0.683814287185669,1.9988561868667603,2.923098087310791,13.794584274291992
2,top16,16,23,27,15.25909423828125,0.7927190661430359,2.0458312034606934,2.580777168273926,11.982134819030762
2,top4,1,24,10,40.34001541137695,0.7653061151504517,11.296696662902832,14.761016845703125,13.719639778137207
2,top4,2,24,17,31.135854721069336,0.6578187942504883,6.989057540893555,10.624593734741211,14.5210599899292
2,top4,3,28,13,26.19632339477539,0.7425755858421326,7.364068031311035,9.916927337646484,11.202401161193848
2,top4,4,28,10,25.841602325439453,0.7395424246788025,7.267328262329102,9.826789855957031,11.146807670593262
2,top32,1,24,10,40.34001541137695,0.7653061151504517,11.296696662902832,14.761016845703125,13.719639778137207
2,top32,2,24,17,31.135854721069336,0.6578187942504883,6.989057540893555,10.624593734741211,14.5210599899292
2,top32,3,28,13,26.19632339477539,0.7425755858421326,7.364068031311035,9.916927337646484,11.202401161193848
2,top32,4,28,10,25.841602325439453,0.7395424246788025,7.267328262329102,9.826789855957031,11.146807670593262
2,top32,5,28,12,24.12165641784668,0.7295829653739929,6.778452396392822,9.29085922241211,10.846871376037598
2,top32,6,27,22,20.58538246154785,0.8858776688575745,2.0646493434906006,2.3306257724761963,15.221199989318848
2,top32,7,24,20,18.78372573852539,0.9335494637489319,1.3948396444320679,1.4941250085830688,16.460800170898438
2,top32,8,28,11,18.352771759033203,0.6593032479286194,4.2882866859436035,6.504270553588867,10.914834022521973
2,top32,9,25,18,18.144210815429688,0.8821517825126648,1.5676974058151245,1.7771289348602295,15.428912162780762
2,top32,10,25,24,17.377578735351562,0.8403506278991699,1.1650288105010986,1.3863604068756104,17.56267547607422
2,top32,11,27,15,17.316848754882812,0.6592771410942078,1.8456851243972778,2.7995588779449463,15.698424339294434
2,top32,12,26,24,16.685522079467773,0.7832335829734802,1.642836093902588,2.0975046157836914,14.70946979522705
2,top32,13,23,24,16.441524505615234,0.7148549556732178,2.537095546722412,3.549105405807495,12.208566665649414
2,top32,14,27,18,16.25641441345215,0.6122221946716309,1.9361510276794434,3.1624972820281982,14.931401252746582
2,top32,15,25,21,16.127553939819336,0.683814287185669,1.9988561868667603,2.923098087310791,13.794584274291992
2,top32,16,23,27,15.25909423828125,0.7927190661430359,2.0458312034606934,2.580777168273926,11.982134819030762
2,top32,17,24,15,14.983773231506348,0.8404703736305237,1.345298409461975,1.600649356842041,14.091287612915039
2,top32,18,21,2,14.614372253417969,0.9912469983100891,1.0378013849258423,1.046965479850769,14.408943176269531
2,top32,19,23,22,14.428990364074707,0.9599009156227112,1.1560652256011963,1.2043589353561401,13.69719409942627
2,top32,20,23,7,14.357934951782227,0.7922524213790894,1.6836434602737427,2.1251351833343506,12.431832313537598
2,top32,21,28,7,14.34799575805664,0.6420321464538574,2.4919915199279785,3.8814125061035156,11.343303680419922
2,top32,22,27,26,14.109686851501465,0.6337838172912598,1.0195585489273071,1.60868501663208,17.552570343017578
2,top32,23,22,23,13.712945938110352,0.8719081282615662,0.8001571893692017,0.917708158493042,16.417526245117188
2,top32,24,26,4,13.692075729370117,0.8937926888465881,0.9378621578216553,1.0493061542510986,14.954826354980469
2,top32,25,25,0,13.579078674316406,0.8768147826194763,1.1627928018569946,1.3261555433273315,13.448232650756836
2,top32,26,26,20,13.344258308410645,0.8547567129135132,0.7729527950286865,0.9042956829071045,16.417110443115234
2,top32,27,27,25,12.92273235321045,0.7660247683525085,0.8073186278343201,1.0539066791534424,16.432758331298828
2,top32,28,23,23,12.841005325317383,0.8816460967063904,0.7494352459907532,0.8500409126281738,15.797371864318848
2,top32,29,26,12,12.78602123260498,0.7335689663887024,0.9880532026290894,1.3469125032424927,15.018438339233398
2,top32,30,27,19,12.695225715637207,0.7911364436149597,0.9615189433097839,1.2153642177581787,14.555791854858398
2,top32,31,28,20,12.525127410888672,0.7112129926681519,0.9944546222686768,1.3982515335083008,14.893260955810547
2,top32,32,22,15,12.10008430480957,0.6108382940292358,1.5214380025863647,2.4907376766204834,12.5515718460083
2,top64,1,24,10,40.34001541137695,0.7653061151504517,11.296696662902832,14.761016845703125,13.719639778137207
2,top64,2,24,17,31.135854721069336,0.6578187942504883,6.989057540893555,10.624593734741211,14.5210599899292
2,top64,3,28,13,26.19632339477539,0.7425755858421326,7.364068031311035,9.916927337646484,11.202401161193848
2,top64,4,28,10,25.841602325439453,0.7395424246788025,7.267328262329102,9.826789855957031,11.146807670593262
2,top64,5,28,12,24.12165641784668,0.7295829653739929,6.778452396392822,9.29085922241211,10.846871376037598
2,top64,6,27,22,20.58538246154785,0.8858776688575745,2.0646493434906006,2.3306257724761963,15.221199989318848
2,top64,7,24,20,18.78372573852539,0.9335494637489319,1.3948396444320679,1.4941250085830688,16.460800170898438
2,top64,8,28,11,18.352771759033203,0.6593032479286194,4.2882866859436035,6.504270553588867,10.914834022521973
2,top64,9,25,18,18.144210815429688,0.8821517825126648,1.5676974058151245,1.7771289348602295,15.428912162780762
2,top64,10,25,24,17.377578735351562,0.8403506278991699,1.1650288105010986,1.3863604068756104,17.56267547607422
2,top64,11,27,15,17.316848754882812,0.6592771410942078,1.8456851243972778,2.7995588779449463,15.698424339294434
2,top64,12,26,24,16.685522079467773,0.7832335829734802,1.642836093902588,2.0975046157836914,14.70946979522705
2,top64,13,23,24,16.441524505615234,0.7148549556732178,2.537095546722412,3.549105405807495,12.208566665649414
2,top64,14,27,18,16.25641441345215,0.6122221946716309,1.9361510276794434,3.1624972820281982,14.931401252746582
2,top64,15,25,21,16.127553939819336,0.683814287185669,1.9988561868667603,2.923098087310791,13.794584274291992
2,top64,16,23,27,15.25909423828125,0.7927190661430359,2.0458312034606934,2.580777168273926,11.982134819030762
2,top64,17,24,15,14.983773231506348,0.8404703736305237,1.345298409461975,1.600649356842041,14.091287612915039
2,top64,18,21,2,14.614372253417969,0.9912469983100891,1.0378013849258423,1.046965479850769,14.408943176269531
2,top64,19,23,22,14.428990364074707,0.9599009156227112,1.1560652256011963,1.2043589353561401,13.69719409942627
2,top64,20,23,7,14.357934951782227,0.7922524213790894,1.6836434602737427,2.1251351833343506,12.431832313537598
2,top64,21,28,7,14.34799575805664,0.6420321464538574,2.4919915199279785,3.8814125061035156,11.343303680419922
2,top64,22,27,26,14.109686851501465,0.6337838172912598,1.0195585489273071,1.60868501663208,17.552570343017578
2,top64,23,22,23,13.712945938110352,0.8719081282615662,0.8001571893692017,0.917708158493042,16.417526245117188
2,top64,24,26,4,13.692075729370117,0.8937926888465881,0.9378621578216553,1.0493061542510986,14.954826354980469
2,top64,25,25,0,13.579078674316406,0.8768147826194763,1.1627928018569946,1.3261555433273315,13.448232650756836
2,top64,26,26,20,13.344258308410645,0.8547567129135132,0.7729527950286865,0.9042956829071045,16.417110443115234
2,top64,27,27,25,12.92273235321045,0.7660247683525085,0.8073186278343201,1.0539066791534424,16.432758331298828
2,top64,28,23,23,12.841005325317383,0.8816460967063904,0.7494352459907532,0.8500409126281738,15.797371864318848
2,top64,29,26,12,12.78602123260498,0.7335689663887024,0.9880532026290894,1.3469125032424927,15.018438339233398
2,top64,30,27,19,12.695225715637207,0.7911364436149597,0.9615189433097839,1.2153642177581787,14.555791854858398
2,top64,31,28,20,12.525127410888672,0.7112129926681519,0.9944546222686768,1.3982515335083008,14.893260955810547
2,top64,32,22,15,12.10008430480957,0.6108382940292358,1.5214380025863647,2.4907376766204834,12.5515718460083
2,top64,33,27,6,12.042448997497559,0.5454114675521851,1.0253796577453613,1.8800112009048462,16.103130340576172
2,top64,34,28,18,12.008974075317383,0.4220769703388214,1.5064705610275269,3.5691845417022705,15.060165405273438
2,top64,35,25,16,11.737257957458496,0.7159088253974915,0.9196722507476807,1.284622073173523,14.465093612670898
2,top64,36,27,3,11.501177787780762,0.8772683143615723,0.6129212975502014,0.6986702680587769,15.684611320495605
2,top64,37,27,27,11.461830139160156,0.8573118448257446,0.7913139462471008,0.9230176210403442,13.915862083435059
2,top64,38,23,12,11.396234512329102,0.7209656834602356,1.0759199857711792,1.4923317432403564,12.939398765563965
2,top64,39,27,5,11.35983657836914,0.7796705365180969,0.6174827218055725,0.7919790148735046,16.372089385986328
2,top64,40,25,19,11.12057113647461,0.5974311232566833,1.0804449319839478,1.808484435081482,13.841459274291992
2,top64,41,24,8,11.115880012512207,0.8265393972396851,0.5123538970947266,0.619878351688385,17.081541061401367
2,top64,42,21,17,10.918244361877441,0.8428863286972046,0.846358597278595,1.0041195154190063,12.926801681518555
2,top64,43,27,24,10.898624420166016,0.4912676215171814,0.7490851879119873,1.5248006582260132,17.965818405151367
2,top64,44,25,27,10.834785461425781,0.692026674747467,0.9653376340866089,1.3949427604675293,13.256206512451172
2,top64,45,25,23,10.569049835205078,0.9011156558990479,0.7198113203048706,0.7988001704216003,13.123096466064453
2,top64,46,28,2,10.489076614379883,0.5791516304016113,0.5806337594985962,1.0025591850280762,18.087976455688477
2,top64,47,24,18,10.425843238830566,0.9049760699272156,0.637589693069458,0.7045376300811768,13.725305557250977
2,top64,48,22,5,10.284085273742676,0.7739972472190857,0.8867639899253845,1.1456940174102783,12.413434028625488
2,top64,49,27,16,10.247554779052734,0.7684524059295654,0.5203009843826294,0.6770763993263245,16.206321716308594
2,top64,50,27,14,10.20230484008789,0.6881616711616516,0.6031336188316345,0.8764417767524719,15.836028099060059
2,top64,51,24,11,10.136420249938965,0.5680859684944153,1.4068633317947388,2.476497173309326,11.338396072387695
2,top64,52,21,5,10.018806457519531,0.804442822933197,0.8573089838027954,1.0657176971435547,12.06423282623291
2,top64,53,21,21,9.837057113647461,0.786806046962738,0.7341120839118958,0.933027982711792,12.943453788757324
2,top64,54,26,25,9.758774757385254,0.7017503976821899,0.9077231287956238,1.2935128211975098,12.22720718383789
2,top64,55,22,24,9.496673583984375,0.7450087070465088,0.6329374313354492,0.8495705127716064,13.829626083374023
2,top64,56,28,15,9.491277694702148,0.6014633178710938,0.567602813243866,0.9437031149864197,16.244182586669922
2,top64,57,25,2,9.436851501464844,0.9056129455566406,0.506751298904419,0.5595672130584717,13.9302339553833
2,top64,58,27,1,9.419662475585938,0.6841287612915039,0.5902790427207947,0.8628185987472534,14.8230562210083
2,top64,59,26,18,9.365399360656738,0.7557063698768616,0.5512173175811768,0.7294067144393921,14.510700225830078
2,top64,60,24,14,9.31157398223877,0.8238430023193359,0.6919733881950378,0.8399335741996765,12.33264446258545
2,top64,61,23,25,9.30018424987793,0.6288992762565613,0.6134491562843323,0.9754331111907959,14.973097801208496
2,top64,62,25,20,9.231057167053223,0.9236782193183899,0.4999587833881378,0.5412694215774536,13.583885192871094
2,top64,63,26,27,9.207911491394043,0.7658798098564148,0.45658206939697266,0.5961536765098572,15.571175575256348
2,top64,64,22,18,9.181190490722656,0.7592934370040894,0.7026767730712891,0.9254350662231445,12.569453239440918
3,top16,1,24,10,41.171775817871094,0.7709505558013916,11.681195259094238,15.151679039001465,13.719639778137207
3,top16,2,24,17,30.912025451660156,0.650446355342865,6.967016220092773,10.71113109588623,14.5210599899292
3,top16,3,28,13,25.938932418823242,0.7352403998374939,7.292099952697754,9.917980194091797,11.202401161193848
3,top16,4,28,10,25.599397659301758,0.7322865724563599,7.202403545379639,9.835498809814453,11.146807670593262
3,top16,5,28,12,23.6633243560791,0.7196990251541138,6.612894535064697,9.188416481018066,10.846871376037598
3,top16,6,27,22,19.780864715576172,0.8739504218101501,1.9324400424957275,2.2111551761627197,15.221199989318848
3,top16,7,24,20,18.53957748413086,0.928119421005249,1.3667653799057007,1.4726179838180542,16.460800170898438
3,top16,8,28,11,18.20521354675293,0.6446552872657776,4.315485954284668,6.694253444671631,10.914834022521973
3,top16,9,25,18,17.548370361328125,0.8763207197189331,1.476182222366333,1.6845227479934692,15.428912162780762
3,top16,10,27,15,16.879756927490234,0.6435588002204895,1.7965197563171387,2.791539430618286,15.698424339294434
3,top16,11,27,18,16.58494758605957,0.6258548498153687,1.9713033437728882,3.1497771739959717,14.931401252746582
3,top16,12,26,24,16.41921043395996,0.7787337899208069,1.6000056266784668,2.054624557495117,14.70946979522705
3,top16,13,25,21,15.794331550598145,0.6582221984863281,1.991648554801941,3.0257997512817383,13.794584274291992
3,top16,14,23,24,15.772412300109863,0.7133791446685791,2.3396260738372803,3.2796390056610107,12.208566665649414
3,top16,15,25,24,15.644742012023926,0.8090383410453796,0.9808134436607361,1.21232008934021,17.56267547607422
3,top16,16,24,15,15.046061515808105,0.8361212015151978,1.3635625839233398,1.630819320678711,14.091287612915039
3,top4,1,24,10,41.171775817871094,0.7709505558013916,11.681195259094238,15.151679039001465,13.719639778137207
3,top4,2,24,17,30.912025451660156,0.650446355342865,6.967016220092773,10.71113109588623,14.5210599899292
3,top4,3,28,13,25.938932418823242,0.7352403998374939,7.292099952697754,9.917980194091797,11.202401161193848
3,top4,4,28,10,25.599397659301758,0.7322865724563599,7.202403545379639,9.835498809814453,11.146807670593262
3,top32,1,24,10,41.171775817871094,0.7709505558013916,11.681195259094238,15.151679039001465,13.719639778137207
3,top32,2,24,17,30.912025451660156,0.650446355342865,6.967016220092773,10.71113109588623,14.5210599899292
3,top32,3,28,13,25.938932418823242,0.7352403998374939,7.292099952697754,9.917980194091797,11.202401161193848
3,top32,4,28,10,25.599397659301758,0.7322865724563599,7.202403545379639,9.835498809814453,11.146807670593262
3,top32,5,28,12,23.6633243560791,0.7196990251541138,6.612894535064697,9.188416481018066,10.846871376037598
3,top32,6,27,22,19.780864715576172,0.8739504218101501,1.9324400424957275,2.2111551761627197,15.221199989318848
3,top32,7,24,20,18.53957748413086,0.928119421005249,1.3667653799057007,1.4726179838180542,16.460800170898438
3,top32,8,28,11,18.20521354675293,0.6446552872657776,4.315485954284668,6.694253444671631,10.914834022521973
3,top32,9,25,18,17.548370361328125,0.8763207197189331,1.476182222366333,1.6845227479934692,15.428912162780762
3,top32,10,27,15,16.879756927490234,0.6435588002204895,1.7965197563171387,2.791539430618286,15.698424339294434
3,top32,11,27,18,16.58494758605957,0.6258548498153687,1.9713033437728882,3.1497771739959717,14.931401252746582
3,top32,12,26,24,16.41921043395996,0.7787337899208069,1.6000056266784668,2.054624557495117,14.70946979522705
3,top32,13,25,21,15.794331550598145,0.6582221984863281,1.991648554801941,3.0257997512817383,13.794584274291992
3,top32,14,23,24,15.772412300109863,0.7133791446685791,2.3396260738372803,3.2796390056610107,12.208566665649414
3,top32,15,25,24,15.644742012023926,0.8090383410453796,0.9808134436607361,1.21232008934021,17.56267547607422
3,top32,16,24,15,15.046061515808105,0.8361212015151978,1.3635625839233398,1.630819320678711,14.091287612915039
3,top32,17,23,7,14.713391304016113,0.787445068359375,1.7788323163986206,2.2589921951293945,12.431832313537598
3,top32,18,21,2,14.55642318725586,0.9921534061431885,1.0286469459533691,1.036782145500183,14.408943176269531
3,top32,19,23,27,14.548041343688965,0.7669103741645813,1.9221888780593872,2.50640606880188,11.982134819030762
3,top32,20,23,22,14.116461753845215,0.9505842328071594,1.1173721551895142,1.175458312034607,13.69719409942627
3,top32,21,27,26,14.004284858703613,0.6183314919471741,1.0294827222824097,1.6649365425109863,17.552570343017578
3,top32,22,28,7,13.85867977142334,0.6340422630310059,2.3542165756225586,3.7130279541015625,11.343303680419922
3,top32,23,22,23,13.528400421142578,0.8551324605941772,0.7940430641174316,0.9285615086555481,16.417526245117188
3,top32,24,26,4,13.484505653381348,0.8872917890548706,0.9163067936897278,1.0327006578445435,14.954826354980469
3,top32,25,25,0,13.307520866394043,0.8710418343544006,1.1241514682769775,1.2905826568603516,13.448232650756836
3,top32,26,26,20,13.106072425842285,0.8423381447792053,0.7565979957580566,0.8982117176055908,16.417110443115234
3,top32,27,27,25,12.820566177368164,0.7465808391571045,0.8152984976768494,1.092043161392212,16.432758331298828
3,top32,28,23,23,12.637826919555664,0.8756754398345947,0.7308562994003296,0.8346200585365295,15.797371864318848
3,top32,29,26,12,12.569540023803711,0.7233831882476807,0.9683242440223694,1.3386048078536987,15.018438339233398
3,top32,30,27,19,12.456789016723633,0.7776010632514954,0.9418543577194214,1.211230754852295,14.555791854858398
3,top32,31,28,18,12.252681732177734,0.4395526349544525,1.505885362625122,3.425950050354004,15.060165405273438
3,top32,32,27,3,12.1974515914917,0.8825823068618774,0.6852285265922546,0.7763904929161072,15.684611320495605
3,top64,1,24,10,41.171775817871094,0.7709505558013916,11.681195259094238,15.151679039001465,13.719639778137207
3,top64,2,24,17,30.912025451660156,0.650446355342865,6.967016220092773,10.71113109588623,14.5210599899292
3,top64,3,28,13,25.938932418823242,0.7352403998374939,7.292099952697754,9.917980194091797,11.202401161193848
3,top64,4,28,10,25.599397659301758,0.7322865724563599,7.202403545379639,9.835498809814453,11.146807670593262
3,top64,5,28,12,23.6633243560791,0.7196990251541138,6.612894535064697,9.188416481018066,10.846871376037598
3,top64,6,27,22,19.780864715576172,0.8739504218101501,1.9324400424957275,2.2111551761627197,15.221199989318848
3,top64,7,24,20,18.53957748413086,0.928119421005249,1.3667653799057007,1.4726179838180542,16.460800170898438
3,top64,8,28,11,18.20521354675293,0.6446552872657776,4.315485954284668,6.694253444671631,10.914834022521973
3,top64,9,25,18,17.548370361328125,0.8763207197189331,1.476182222366333,1.6845227479934692,15.428912162780762
3,top64,10,27,15,16.879756927490234,0.6435588002204895,1.7965197563171387,2.791539430618286,15.698424339294434
3,top64,11,27,18,16.58494758605957,0.6258548498153687,1.9713033437728882,3.1497771739959717,14.931401252746582
3,top64,12,26,24,16.41921043395996,0.7787337899208069,1.6000056266784668,2.054624557495117,14.70946979522705
3,top64,13,25,21,15.794331550598145,0.6582221984863281,1.991648554801941,3.0257997512817383,13.794584274291992
3,top64,14,23,24,15.772412300109863,0.7133791446685791,2.3396260738372803,3.2796390056610107,12.208566665649414
3,top64,15,25,24,15.644742012023926,0.8090383410453796,0.9808134436607361,1.21232008934021,17.56267547607422
3,top64,16,24,15,15.046061515808105,0.8361212015151978,1.3635625839233398,1.630819320678711,14.091287612915039
3,top64,17,23,7,14.713391304016113,0.787445068359375,1.7788323163986206,2.2589921951293945,12.431832313537598
3,top64,18,21,2,14.55642318725586,0.9921534061431885,1.0286469459533691,1.036782145500183,14.408943176269531
3,top64,19,23,27,14.548041343688965,0.7669103741645813,1.9221888780593872,2.50640606880188,11.982134819030762
3,top64,20,23,22,14.116461753845215,0.9505842328071594,1.1173721551895142,1.175458312034607,13.69719409942627
3,top64,21,27,26,14.004284858703613,0.6183314919471741,1.0294827222824097,1.6649365425109863,17.552570343017578
3,top64,22,28,7,13.85867977142334,0.6340422630310059,2.3542165756225586,3.7130279541015625,11.343303680419922
3,top64,23,22,23,13.528400421142578,0.8551324605941772,0.7940430641174316,0.9285615086555481,16.417526245117188
3,top64,24,26,4,13.484505653381348,0.8872917890548706,0.9163067936897278,1.0327006578445435,14.954826354980469
3,top64,25,25,0,13.307520866394043,0.8710418343544006,1.1241514682769775,1.2905826568603516,13.448232650756836
3,top64,26,26,20,13.106072425842285,0.8423381447792053,0.7565979957580566,0.8982117176055908,16.417110443115234
3,top64,27,27,25,12.820566177368164,0.7465808391571045,0.8152984976768494,1.092043161392212,16.432758331298828
3,top64,28,23,23,12.637826919555664,0.8756754398345947,0.7308562994003296,0.8346200585365295,15.797371864318848
3,top64,29,26,12,12.569540023803711,0.7233831882476807,0.9683242440223694,1.3386048078536987,15.018438339233398
3,top64,30,27,19,12.456789016723633,0.7776010632514954,0.9418543577194214,1.211230754852295,14.555791854858398
3,top64,31,28,18,12.252681732177734,0.4395526349544525,1.505885362625122,3.425950050354004,15.060165405273438
3,top64,32,27,3,12.1974515914917,0.8825823068618774,0.6852285265922546,0.7763904929161072,15.684611320495605
3,top64,33,22,15,11.996879577636719,0.6081994771957397,1.5020842552185059,2.4697229862213135,12.5515718460083
3,top64,34,28,20,11.788573265075684,0.689931333065033,0.9081070423126221,1.3162281513214111,14.893260955810547
3,top64,35,27,6,11.726125717163086,0.5465901494026184,0.9701228737831116,1.7748634815216064,16.103130340576172
3,top64,36,25,16,11.435153007507324,0.693352222442627,0.901337742805481,1.2999709844589233,14.465093612670898
3,top64,37,23,12,11.344679832458496,0.7187085151672363,1.0695557594299316,1.4881634712219238,12.939398765563965
3,top64,38,27,5,11.316557884216309,0.7713638544082642,0.619385838508606,0.8029749393463135,16.372089385986328
3,top64,39,25,27,11.05955982208252,0.7027604579925537,0.990443766117096,1.4093618392944336,13.256206512451172
3,top64,40,24,8,11.01634407043457,0.8175410032272339,0.5087581276893616,0.6223028898239136,17.081541061401367
3,top64,41,27,27,11.00549602508545,0.8440415859222412,0.741028904914856,0.877953052520752,13.915862083435059
3,top64,42,21,17,10.715479850769043,0.8364337086677551,0.8215038776397705,0.9821506142616272,12.926801681518555
3,top64,43,25,19,10.651643753051758,0.5670089721679688,1.0444306135177612,1.842000126838684,13.841459274291992
3,top64,44,28,2,10.328960418701172,0.5771623849868774,0.5649828314781189,0.9788975119590759,18.087976455688477
3,top64,45,24,18,10.275064468383789,0.899054765701294,0.6233599185943604,0.6933503150939941,13.725305557250977
3,top64,46,27,24,10.27379035949707,0.45944422483444214,0.7117616534233093,1.5491796731948853,17.965818405151367
3,top64,47,27,14,10.207402229309082,0.6868333220481873,0.6049041748046875,0.8807146549224854,15.836028099060059
3,top64,48,25,23,10.198199272155762,0.890502393245697,0.6781710982322693,0.7615600824356079,13.123096466064453
3,top64,49,22,5,10.173669815063477,0.7645176649093628,0.8785851001739502,1.1492018699645996,12.413434028625488
3,top64,50,27,16,9.964662551879883,0.7664831280708313,0.4932347536087036,0.643503725528717,16.206321716308594
3,top64,51,24,11,9.902385711669922,0.5455284118652344,1.3981671333312988,2.5629591941833496,11.338396072387695
3,top64,52,21,5,9.843879699707031,0.7972339391708374,0.8351171016693115,1.047518253326416,12.06423282623291
3,top64,53,21,21,9.820863723754883,0.782208263874054,0.7359978556632996,0.9409231543540955,12.943453788757324
3,top64,54,26,25,9.692072868347168,0.6835552453994751,0.9191895723342896,1.3447188138961792,12.22720718383789
3,top64,55,23,25,9.395951271057129,0.6231372952461243,0.6319379806518555,1.0141232013702393,14.973097801208496
3,top64,56,22,24,9.347376823425293,0.7298634052276611,0.625917375087738,0.8575814962387085,13.829626083374023
3,top64,57,22,18,9.218605041503906,0.7598338723182678,0.707911491394043,0.9316661357879639,12.569453239440918
3,top64,58,26,18,9.217011451721191,0.7504594326019287,0.537621021270752,0.7163891792297363,14.510700225830078
3,top64,59,25,2,9.15392017364502,0.9018893241882324,0.47878897190093994,0.5308732986450195,13.9302339553833
3,top64,60,28,15,9.137798309326172,0.594025731086731,0.5326993465423584,0.8967613577842712,16.244182586669922
3,top64,61,24,13,9.11258316040039,0.8456968069076538,0.5766608119010925,0.681876540184021,13.048901557922363
3,top64,62,25,5,9.022284507751465,0.8151577711105347,0.4744626581668854,0.582050085067749,14.50757122039795
3,top64,63,25,20,8.980241775512695,0.9207968711853027,0.474639892578125,0.5154664516448975,13.583885192871094
3,top64,64,24,14,8.972763061523438,0.8144633769989014,0.6499326825141907,0.7979888319969177,12.33264446258545
