task_id,family,wording,label,margin,signed
exp12_test_edit_00,test_edit,canonical,0,-1.6570365130901337,1.6570365130901337
exp12_test_edit_00,test_edit,paraphrase,0,-1.7303710728883743,1.7303710728883743
exp12_test_edit_00,test_edit,canonical,1,0.4892909824848175,0.4892909824848175
exp12_test_edit_00,test_edit,paraphrase,1,0.43590712547302246,0.43590712547302246
exp12_test_edit_01,test_edit,canonical,0,-1.6930244117975235,1.6930244117975235
exp12_test_edit_01,test_edit,paraphrase,0,-1.727869190275669,1.727869190275669
exp12_test_edit_01,test_edit,canonical,1,0.5435411185026169,0.5435411185026169
exp12_test_edit_01,test_edit,paraphrase,1,0.4603165090084076,0.4603165090084076
exp12_test_edit_02,test_edit,canonical,0,-1.6314623802900314,1.6314623802900314
exp12_test_edit_02,test_edit,paraphrase,0,-1.69625473767519,1.69625473767519
exp12_test_edit_02,test_edit,canonical,1,0.4971907138824463,0.4971907138824463
exp12_test_edit_02,test_edit,paraphrase,1,0.42287278175354004,0.42287278175354004
exp12_test_edit_03,test_edit,canonical,0,-1.5204872339963913,1.5204872339963913
exp12_test_edit_03,test_edit,paraphrase,0,-1.5939616225659847,1.5939616225659847
exp12_test_edit_03,test_edit,canonical,1,0.48540449142456055,0.48540449142456055
exp12_test_edit_03,test_edit,paraphrase,1,0.3802124559879303,0.3802124559879303
exp12_test_edit_04,test_edit,canonical,0,-1.4975439831614494,1.4975439831614494
exp12_test_edit_04,test_edit,paraphrase,0,-1.5670755580067635,1.5670755580067635
exp12_test_edit_04,test_edit,canonical,1,0.4607648402452469,0.4607648402452469
exp12_test_edit_04,test_edit,paraphrase,1,0.36560192704200745,0.36560192704200745
exp12_test_edit_05,test_edit,canonical,0,-1.6705271303653717,1.6705271303653717
exp12_test_edit_05,test_edit,paraphrase,0,-1.719646044075489,1.719646044075489
exp12_test_edit_05,test_edit,canonical,1,0.5084251314401627,0.5084251314401627
exp12_test_edit_05,test_edit,paraphrase,1,0.4026644229888916,0.4026644229888916
exp12_test_edit_06,test_edit,canonical,0,-1.6762966811656952,1.6762966811656952
exp12_test_edit_06,test_edit,paraphrase,0,-1.7365907952189445,1.7365907952189445
exp12_test_edit_06,test_edit,canonical,1,0.4785126596689224,0.4785126596689224
exp12_test_edit_06,test_edit,paraphrase,1,0.36441195011138916,0.36441195011138916
exp12_test_edit_07,test_edit,canonical,0,-1.6352083459496498,1.6352083459496498
exp12_test_edit_07,test_edit,paraphrase,0,-1.7079746648669243,1.7079746648669243
exp12_test_edit_07,test_edit,canonical,1,0.5187574923038483,0.5187574923038483
exp12_test_edit_07,test_edit,paraphrase,1,0.4200460612773895,0.4200460612773895
exp12_test_edit_08,test_edit,canonical,0,-1.6435757875442505,1.6435757875442505
exp12_test_edit_08,test_edit,paraphrase,0,-1.715855933725834,1.715855933725834
exp12_test_edit_08,test_edit,canonical,1,0.5094591528177261,0.5094591528177261
exp12_test_edit_08,test_edit,paraphrase,1,0.4158085286617279,0.4158085286617279
exp12_test_edit_09,test_edit,canonical,0,-1.5073797479271889,1.5073797479271889
exp12_test_edit_09,test_edit,paraphrase,0,-1.559401549398899,1.559401549398899
exp12_test_edit_09,test_edit,canonical,1,0.4184335321187973,0.4184335321187973
exp12_test_edit_09,test_edit,paraphrase,1,0.3467848598957062,0.3467848598957062
exp12_test_edit_10,test_edit,canonical,0,-1.5092823952436447,1.5092823952436447
exp12_test_edit_10,test_edit,paraphrase,0,-1.5725592523813248,1.5725592523813248
exp12_test_edit_10,test_edit,canonical,1,0.4815032184123993,0.4815032184123993
exp12_test_edit_10,test_edit,paraphrase,1,0.36813226342201233,0.36813226342201233
exp12_test_edit_11,test_edit,canonical,0,-1.4792520478367805,1.4792520478367805
exp12_test_edit_11,test_edit,paraphrase,0,-1.5257519856095314,1.5257519856095314
exp12_test_edit_11,test_edit,canonical,1,0.46596890687942505,0.46596890687942505
exp12_test_edit_11,test_edit,paraphrase,1,0.35512682795524597,0.35512682795524597
exp12_test_edit_12,test_edit,canonical,0,-1.4967549294233322,1.4967549294233322
exp12_test_edit_12,test_edit,paraphrase,0,-1.554666094481945,1.554666094481945
exp12_test_edit_12,test_edit,canonical,1,0.44196659326553345,0.44196659326553345
exp12_test_edit_12,test_edit,paraphrase,1,0.3358510434627533,0.3358510434627533
exp12_test_edit_13,test_edit,canonical,0,-1.6333491802215576,1.6333491802215576
exp12_test_edit_13,test_edit,paraphrase,0,-1.687940500676632,1.687940500676632
exp12_test_edit_13,test_edit,canonical,1,0.499335378408432,0.499335378408432
exp12_test_edit_13,test_edit,paraphrase,1,0.38389554619789124,0.38389554619789124
exp12_test_edit_14,test_edit,canonical,0,-1.4918844625353813,1.4918844625353813
exp12_test_edit_14,test_edit,paraphrase,0,-1.5709797702729702,1.5709797702729702
exp12_test_edit_14,test_edit,canonical,1,0.4540691375732422,0.4540691375732422
exp12_test_edit_14,test_edit,paraphrase,1,0.37566158175468445,0.37566158175468445
exp12_test_edit_15,test_edit,canonical,0,-1.6283581405878067,1.6283581405878067
exp12_test_edit_15,test_edit,paraphrase,0,-1.7082628905773163,1.7082628905773163
exp12_test_edit_15,test_edit,canonical,1,0.5330940037965775,0.5330940037965775
exp12_test_edit_15,test_edit,paraphrase,1,0.4543934464454651,0.4543934464454651
exp12_search_edit_00,search_edit,canonical,0,-1.008101761341095,1.008101761341095
exp12_search_edit_00,search_edit,paraphrase,0,-1.2132350504398346,1.2132350504398346
exp12_search_edit_00,search_edit,canonical,1,2.15621854364872,2.15621854364872
exp12_search_edit_00,search_edit,paraphrase,1,2.1314408257603645,2.1314408257603645
exp12_search_edit_01,search_edit,canonical,0,-0.9980908632278442,0.9980908632278442
exp12_search_edit_01,search_edit,paraphrase,0,-1.2271652221679688,1.2271652221679688
exp12_search_edit_01,search_edit,canonical,1,2.1160628497600555,2.1160628497600555
exp12_search_edit_01,search_edit,paraphrase,1,2.1880853846669197,2.1880853846669197
exp12_search_edit_02,search_edit,canonical,0,-0.989464521408081,0.989464521408081
exp12_search_edit_02,search_edit,paraphrase,0,-1.174469530582428,1.174469530582428
exp12_search_edit_02,search_edit,canonical,1,2.1965616196393967,2.1965616196393967
exp12_search_edit_02,search_edit,paraphrase,1,2.1621218547225,2.1621218547225
exp12_search_edit_03,search_edit,canonical,0,-0.8372830152511597,0.8372830152511597
exp12_search_edit_03,search_edit,paraphrase,0,-1.0394927263259888,1.0394927263259888
exp12_search_edit_03,search_edit,canonical,1,2.1424600780010223,2.1424600780010223
exp12_search_edit_03,search_edit,paraphrase,1,2.0914081260561943,2.0914081260561943
exp12_search_edit_04,search_edit,canonical,0,-0.8781241774559021,0.8781241774559021
exp12_search_edit_04,search_edit,paraphrase,0,-1.1101621687412262,1.1101621687412262
exp12_search_edit_04,search_edit,canonical,1,2.108331933617592,2.108331933617592
exp12_search_edit_04,search_edit,paraphrase,1,2.135579653084278,2.135579653084278
exp12_search_edit_05,search_edit,canonical,0,-1.018898069858551,1.018898069858551
exp12_search_edit_05,search_edit,paraphrase,0,-1.1804780066013336,1.1804780066013336
exp12_search_edit_05,search_edit,canonical,1,2.1475580632686615,2.1475580632686615
exp12_search_edit_05,search_edit,paraphrase,1,2.079110022634268,2.079110022634268
exp12_search_edit_06,search_edit,canonical,0,-1.0258713960647583,1.0258713960647583
exp12_search_edit_06,search_edit,paraphrase,0,-1.1789018511772156,1.1789018511772156
exp12_search_edit_06,search_edit,canonical,1,2.139479234814644,2.139479234814644
exp12_search_edit_06,search_edit,paraphrase,1,2.1216389387845993,2.1216389387845993
exp12_search_edit_07,search_edit,canonical,0,-1.0128551125526428,1.0128551125526428
exp12_search_edit_07,search_edit,paraphrase,0,-1.1557236313819885,1.1557236313819885
exp12_search_edit_07,search_edit,canonical,1,2.0959846824407578,2.0959846824407578
exp12_search_edit_07,search_edit,paraphrase,1,2.0957409143447876,2.0957409143447876
exp12_search_edit_08,search_edit,canonical,0,-1.0725838243961334,1.0725838243961334
exp12_search_edit_08,search_edit,paraphrase,0,-1.2876852452754974,1.2876852452754974
exp12_search_edit_08,search_edit,canonical,1,1.8415886014699936,1.8415886014699936
exp12_search_edit_08,search_edit,paraphrase,1,1.8474246934056282,1.8474246934056282
exp12_search_edit_09,search_edit,canonical,0,-0.8710286617279053,0.8710286617279053
exp12_search_edit_09,search_edit,paraphrase,0,-1.0851354897022247,1.0851354897022247
exp12_search_edit_09,search_edit,canonical,1,2.1988987177610397,2.1988987177610397
exp12_search_edit_09,search_edit,paraphrase,1,2.1737493593245745,2.1737493593245745
exp12_search_edit_10,search_edit,canonical,0,-0.7954099774360657,0.7954099774360657
exp12_search_edit_10,search_edit,paraphrase,0,-1.0892333686351776,1.0892333686351776
exp12_search_edit_10,search_edit,canonical,1,2.1627851724624634,2.1627851724624634
exp12_search_edit_10,search_edit,paraphrase,1,2.101332049816847,2.101332049816847
exp12_search_edit_11,search_edit,canonical,0,-0.8526332378387451,0.8526332378387451
exp12_search_edit_11,search_edit,paraphrase,0,-1.0559132099151611,1.0559132099151611
exp12_search_edit_11,search_edit,canonical,1,1.8761586844921112,1.8761586844921112
exp12_search_edit_11,search_edit,paraphrase,1,1.9321482181549072,1.9321482181549072
exp12_search_edit_12,search_edit,canonical,0,-0.8446965217590332,0.8446965217590332
exp12_search_edit_12,search_edit,paraphrase,0,-1.154112458229065,1.154112458229065
exp12_search_edit_12,search_edit,canonical,1,2.131940096616745,2.131940096616745
exp12_search_edit_12,search_edit,paraphrase,1,2.060819249600172,2.060819249600172
exp12_search_edit_13,search_edit,canonical,0,-1.0217500925064087,1.0217500925064087
exp12_search_edit_13,search_edit,paraphrase,0,-1.3042618036270142,1.3042618036270142
exp12_search_edit_13,search_edit,canonical,1,2.0897825211286545,2.0897825211286545
exp12_search_edit_13,search_edit,paraphrase,1,2.142156206071377,2.142156206071377
exp12_search_edit_14,search_edit,canonical,0,-0.8904296159744263,0.8904296159744263
exp12_search_edit_14,search_edit,paraphrase,0,-1.0605994164943695,1.0605994164943695
exp12_search_edit_14,search_edit,canonical,1,2.0883422195911407,2.0883422195911407
exp12_search_edit_14,search_edit,paraphrase,1,2.079842686653137,2.079842686653137
exp12_search_edit_15,search_edit,canonical,0,-1.0429184436798096,1.0429184436798096
exp12_search_edit_15,search_edit,paraphrase,0,-1.2460654973983765,1.2460654973983765
exp12_search_edit_15,search_edit,canonical,1,1.8516615331172943,1.8516615331172943
exp12_search_edit_15,search_edit,paraphrase,1,1.7080923411995173,1.7080923411995173
exp12_config_command_00,config_command,canonical,0,-0.9820347130298615,0.9820347130298615
exp12_config_command_00,config_command,paraphrase,0,-0.7843406498432159,0.7843406498432159
exp12_config_command_00,config_command,canonical,1,1.3946576192975044,1.3946576192975044
exp12_config_command_00,config_command,paraphrase,1,-0.600435197353363,-0.600435197353363
exp12_config_command_01,config_command,canonical,0,-0.9466776847839355,0.9466776847839355
exp12_config_command_01,config_command,paraphrase,0,-0.7615747153759003,0.7615747153759003
exp12_config_command_01,config_command,canonical,1,1.4154949486255646,1.4154949486255646
exp12_config_command_01,config_command,paraphrase,1,1.1538784727454185,1.1538784727454185
exp12_config_command_02,config_command,canonical,0,-1.0144084990024567,1.0144084990024567
exp12_config_command_02,config_command,paraphrase,0,-0.7730115354061127,0.7730115354061127
exp12_config_command_02,config_command,canonical,1,1.414149470627308,1.414149470627308
exp12_config_command_02,config_command,paraphrase,1,1.1096202731132507,1.1096202731132507
exp12_config_command_03,config_command,canonical,0,-0.7816709280014038,0.7816709280014038
exp12_config_command_03,config_command,paraphrase,0,-0.6189654171466827,0.6189654171466827
exp12_config_command_03,config_command,canonical,1,1.3343895226716995,1.3343895226716995
exp12_config_command_03,config_command,paraphrase,1,1.1375528052449226,1.1375528052449226
exp12_config_command_04,config_command,canonical,0,-0.9993120729923248,0.9993120729923248
exp12_config_command_04,config_command,paraphrase,0,-0.7664951682090759,0.7664951682090759
exp12_config_command_04,config_command,canonical,1,1.2797316387295723,1.2797316387295723
exp12_config_command_04,config_command,paraphrase,1,0.714855283498764,0.714855283498764
exp12_config_command_05,config_command,canonical,0,-0.9843378961086273,0.9843378961086273
exp12_config_command_05,config_command,paraphrase,0,-0.8012342154979706,0.8012342154979706
exp12_config_command_05,config_command,canonical,1,1.4597816616296768,1.4597816616296768
exp12_config_command_05,config_command,paraphrase,1,1.2614113986492157,1.2614113986492157
exp12_config_command_06,config_command,canonical,0,-0.9452709257602692,0.9452709257602692
exp12_config_command_06,config_command,paraphrase,0,-0.7484029531478882,0.7484029531478882
exp12_config_command_06,config_command,canonical,1,1.4703909307718277,1.4703909307718277
exp12_config_command_06,config_command,paraphrase,1,1.0321172922849655,1.0321172922849655
exp12_config_command_07,config_command,canonical,0,-0.8554506301879883,0.8554506301879883
exp12_config_command_07,config_command,paraphrase,0,-0.6502712965011597,0.6502712965011597
exp12_config_command_07,config_command,canonical,1,1.4447576850652695,1.4447576850652695
exp12_config_command_07,config_command,paraphrase,1,1.030343882739544,1.030343882739544
exp12_config_command_08,config_command,canonical,0,-0.8622373044490814,0.8622373044490814
exp12_config_command_08,config_command,paraphrase,0,-0.6830238401889801,0.6830238401889801
exp12_config_command_08,config_command,canonical,1,1.424441508948803,1.424441508948803
exp12_config_command_08,config_command,paraphrase,1,0.9983265846967697,0.9983265846967697
exp12_config_command_09,config_command,canonical,0,-0.9443827271461487,0.9443827271461487
exp12_config_command_09,config_command,paraphrase,0,-0.7698632776737213,0.7698632776737213
exp12_config_command_09,config_command,canonical,1,1.3069114461541176,1.3069114461541176
exp12_config_command_09,config_command,paraphrase,1,0.6329401135444641,0.6329401135444641
exp12_config_command_10,config_command,canonical,0,-0.9076555967330933,0.9076555967330933
exp12_config_command_10,config_command,paraphrase,0,-0.7405226230621338,0.7405226230621338
exp12_config_command_10,config_command,canonical,1,1.3294399082660675,1.3294399082660675
exp12_config_command_10,config_command,paraphrase,1,0.9267603978514671,0.9267603978514671
exp12_config_command_11,config_command,canonical,0,-0.872039794921875,0.872039794921875
exp12_config_command_11,config_command,paraphrase,0,-0.6682782471179962,0.6682782471179962
exp12_config_command_11,config_command,canonical,1,1.3085502088069916,1.3085502088069916
exp12_config_command_11,config_command,paraphrase,1,1.122793547809124,1.122793547809124
exp12_config_command_12,config_command,canonical,0,-0.918908417224884,0.918908417224884
exp12_config_command_12,config_command,paraphrase,0,-0.7554413080215454,0.7554413080215454
exp12_config_command_12,config_command,canonical,1,1.2675559222698212,1.2675559222698212
exp12_config_command_12,config_command,paraphrase,1,0.8301986306905746,0.8301986306905746
exp12_config_command_13,config_command,canonical,0,-1.2040314674377441,1.2040314674377441
exp12_config_command_13,config_command,paraphrase,0,-1.0381697416305542,1.0381697416305542
exp12_config_command_13,config_command,canonical,1,1.4723785668611526,1.4723785668611526
exp12_config_command_13,config_command,paraphrase,1,0.9338062703609467,0.9338062703609467
exp12_config_command_14,config_command,canonical,0,-1.0212109684944153,1.0212109684944153
exp12_config_command_14,config_command,paraphrase,0,-0.7998007833957672,0.7998007833957672
exp12_config_command_14,config_command,canonical,1,1.2790592387318611,1.2790592387318611
exp12_config_command_14,config_command,paraphrase,1,0.98042793571949,0.98042793571949
exp12_config_command_15,config_command,canonical,0,-0.904742568731308,0.904742568731308
exp12_config_command_15,config_command,paraphrase,0,-0.6600858569145203,0.6600858569145203
exp12_config_command_15,config_command,canonical,1,1.4099118411540985,1.4099118411540985
exp12_config_command_15,config_command,paraphrase,1,1.30427785217762,1.30427785217762
exp12_docs_code_00,docs_code,canonical,0,-1.2788275182247162,1.2788275182247162
exp12_docs_code_00,docs_code,paraphrase,0,-1.141136348247528,1.141136348247528
exp12_docs_code_00,docs_code,canonical,1,1.1486899852752686,1.1486899852752686
exp12_docs_code_00,docs_code,paraphrase,1,1.1006842851638794,1.1006842851638794
exp12_docs_code_01,docs_code,canonical,0,-1.2280884981155396,1.2280884981155396
exp12_docs_code_01,docs_code,paraphrase,0,-1.1422642171382904,1.1422642171382904
exp12_docs_code_01,docs_code,canonical,1,1.5429862588644028,1.5429862588644028
exp12_docs_code_01,docs_code,paraphrase,1,1.5310135260224342,1.5310135260224342
exp12_docs_code_02,docs_code,canonical,0,-1.1164117753505707,1.1164117753505707
exp12_docs_code_02,docs_code,paraphrase,0,-0.9562540650367737,0.9562540650367737
exp12_docs_code_02,docs_code,canonical,1,1.8904791958630085,1.8904791958630085
exp12_docs_code_02,docs_code,paraphrase,1,1.777355670928955,1.777355670928955
exp12_docs_code_03,docs_code,canonical,0,-1.2962063886225224,1.2962063886225224
exp12_docs_code_03,docs_code,paraphrase,0,-1.1560920551419258,1.1560920551419258
exp12_docs_code_03,docs_code,canonical,1,1.7958410158753395,1.7958410158753395
exp12_docs_code_03,docs_code,paraphrase,1,1.7690525576472282,1.7690525576472282
exp12_docs_code_04,docs_code,canonical,0,-1.0935231745243073,1.0935231745243073
exp12_docs_code_04,docs_code,paraphrase,0,-0.9126704335212708,0.9126704335212708
exp12_docs_code_04,docs_code,canonical,1,1.3748115301132202,1.3748115301132202
exp12_docs_code_04,docs_code,paraphrase,1,1.3200490325689316,1.3200490325689316
exp12_docs_code_05,docs_code,canonical,0,-1.3580978959798813,1.3580978959798813
exp12_docs_code_05,docs_code,paraphrase,0,-1.115014761686325,1.115014761686325
exp12_docs_code_05,docs_code,canonical,1,1.0437314882874489,1.0437314882874489
exp12_docs_code_05,docs_code,paraphrase,1,0.9120562225580215,0.9120562225580215
exp12_docs_code_06,docs_code,canonical,0,-1.1702937185764313,1.1702937185764313
exp12_docs_code_06,docs_code,paraphrase,0,-1.118225485086441,1.118225485086441
exp12_docs_code_06,docs_code,canonical,1,2.03524062782526,2.03524062782526
exp12_docs_code_06,docs_code,paraphrase,1,1.9850009754300117,1.9850009754300117
exp12_docs_code_07,docs_code,canonical,0,-1.2341322302818298,1.2341322302818298
exp12_docs_code_07,docs_code,paraphrase,0,-1.1720230281352997,1.1720230281352997
exp12_docs_code_07,docs_code,canonical,1,1.286394901573658,1.286394901573658
exp12_docs_code_07,docs_code,paraphrase,1,1.266632154583931,1.266632154583931
exp12_docs_code_08,docs_code,canonical,0,-1.2871492803096771,1.2871492803096771
exp12_docs_code_08,docs_code,paraphrase,0,-1.0527647137641907,1.0527647137641907
exp12_docs_code_08,docs_code,canonical,1,1.1689555831253529,1.1689555831253529
exp12_docs_code_08,docs_code,paraphrase,1,1.1082738637924194,1.1082738637924194
exp12_docs_code_09,docs_code,canonical,0,-1.1367303431034088,1.1367303431034088
exp12_docs_code_09,docs_code,paraphrase,0,-0.9585082232952118,0.9585082232952118
exp12_docs_code_09,docs_code,canonical,1,1.1897126697003841,1.1897126697003841
exp12_docs_code_09,docs_code,paraphrase,1,1.1102245897054672,1.1102245897054672
exp12_docs_code_10,docs_code,canonical,0,-0.9801521003246307,0.9801521003246307
exp12_docs_code_10,docs_code,paraphrase,0,-0.8386125862598419,0.8386125862598419
exp12_docs_code_10,docs_code,canonical,1,2.3249783404171467,2.3249783404171467
exp12_docs_code_10,docs_code,paraphrase,1,2.1834105141460896,2.1834105141460896
exp12_docs_code_11,docs_code,canonical,0,-1.0541315078735352,1.0541315078735352
exp12_docs_code_11,docs_code,paraphrase,0,-0.9680125713348389,0.9680125713348389
exp12_docs_code_11,docs_code,canonical,1,1.8342937752604485,1.8342937752604485
exp12_docs_code_11,docs_code,paraphrase,1,1.8007851839065552,1.8007851839065552
exp12_docs_code_12,docs_code,canonical,0,-1.1239672899246216,1.1239672899246216
exp12_docs_code_12,docs_code,paraphrase,0,-0.8666427731513977,0.8666427731513977
exp12_docs_code_12,docs_code,canonical,1,1.354918621480465,1.354918621480465
exp12_docs_code_12,docs_code,paraphrase,1,1.2730986550450325,1.2730986550450325
exp12_docs_code_13,docs_code,canonical,0,-1.1906191110610962,1.1906191110610962
exp12_docs_code_13,docs_code,paraphrase,0,-1.0359213948249817,1.0359213948249817
exp12_docs_code_13,docs_code,canonical,1,1.7838686034083366,1.7838686034083366
exp12_docs_code_13,docs_code,paraphrase,1,1.7734603062272072,1.7734603062272072
exp12_docs_code_14,docs_code,canonical,0,-0.8397691249847412,0.8397691249847412
exp12_docs_code_14,docs_code,paraphrase,0,-0.8072113990783691,0.8072113990783691
exp12_docs_code_14,docs_code,canonical,1,2.0415937453508377,2.0415937453508377
exp12_docs_code_14,docs_code,paraphrase,1,1.9842659384012222,1.9842659384012222
exp12_docs_code_15,docs_code,canonical,0,-1.1446322202682495,1.1446322202682495
exp12_docs_code_15,docs_code,paraphrase,0,-1.009105384349823,1.009105384349823
exp12_docs_code_15,docs_code,canonical,1,1.845645759254694,1.845645759254694
exp12_docs_code_15,docs_code,paraphrase,1,1.800678912550211,1.800678912550211
